编号,级别,问题,实测证据,责任人,交付动作,时点
N01,P0,"block_id 不是跨批稳定标识，两次解析结果对不上，出处链无法回跳原文","441 字段中 block_id 仅 46.5% 一致；region 54.6%、cell_ref 68.7%、quote 50.1%；Gold.blocks[] 30/30 份为空","张智博（主）/ 宗博文（对齐）","① 解析快照落 blocks[].text ② 出 block_id 跨批稳定规范 ③ Gold 标注时记录解析批 SHA","D12 首周·第一优先"
N02,P0,封存集 hash-lock 过期，verify-sealed.mjs 校验 FAIL,"19/60 raw+gold 实体 hash ≠ manifest；数据完好，是 manifest 未重跑",宗博文,重跑 build-sealed-manifests.mjs,首测开跑前（阻断项）
N03,P1,"评测正则 /rate/ 误命中 duration，中文文本被当数值比对","复核出 8 字段假失配；正确写法 /(^|_)(ratio|percent|rate)($|_)/",宗博文,检查评测脚本同类正则,D12 首周
N04,P1,"字段抽取覆盖率 72.52%，与首测 71.53% 几乎无改善","446/615；Gold 583 字段中 155 条为正确弃权（未提及108/不适用30/待复核11/未披露6）","魏文宇（抽取）/ 方轩诚（规则）","提升覆盖率，或明确弃权字段不计分母",D12
N05,P1,"table_id / cell_ref 锚点仅 51.09%，表类字段无法定位到具体单元格","235/460；block_id、page、quote 已 100%（问题已转移）",张智博,无框表补 table_id 与列语义,D12
N06,P1,核验视图 provenance 为 null，缺 sidecar 无法复现,方分支无 check.json，复现依据不足,方轩诚,随数据集产出 data/<ds>.check.json,D12 首周
N07,P2,标准化率 99.10% 但判定标准与首测不一致,"442/446（首测 364/521 口径不同），属标准问题非数据缺陷",宗博文,统一 standardized 判定标准,D12
N08,P2,"跨文档 20 组 / D8 13 组 / D9 20 条 / D10 集成 0/10 未出数","宗侧单文档已出数，其余四步待跑",宗博文,按序跑完剩余四步,D12～D13
N09,P1,"web_cli_same_result 是被测方手填的布尔常量，无独立对照产物","check-integration.mjs:32 只判 !==true；宗/魏自陈定义为 Web 与 CLI 消费同一文件——同源同结果，非两条路径对照","魏文宇（提供 CLI 抽取入口 + 原始 PDF）/ 陈家浩（页面侧对照壳 ✅ 已完成 10-07 晚）","页面侧入口已就绪：bridge/extractor.js + /api/parity（接假CLI 实跑 30/30 例 562/562 字段，验证 40/40 PASS）；接通后设两个环境变量即可，页面零改动。待魏交入口+PDF 后跑真对照","魏侧 D12 首周；陈侧已完"
