"编号","级别","问题","责任人","证据类型","证据","时点","状态","代码SHA","输入指纹"
"D12-P0-01","P0","质押公告多质权人场景整条事件丢失（漏抽 6 笔）","张智博","field_by_field","pledge_0197.json：A 侧 1 事件 ↔ B 侧 3 事件，B 侧多出 3 个质权人（建德市新安小额贷款股份有限公司、海宁鸿丰小额贷款股份有限公司、苏州市吴中典当有限责任公司）；pledge_ce37.json：A 侧 1 事件 ↔ B 侧 3 事件，B 侧多出 3 个质权人（建德市新安小额贷款股份有限公司、海宁鸿丰小额贷款股份有限公司、苏州市吴中典当有限责任公司）","D12 首周","待修复","40e970938be11e9a5dc03902882d52bf122240d4","15dda16e0756bc6b"
"D12-P0-02","P0","出处命中率为未测项，但此前多处按100% 上屏","张智博（主）＋ 宗博文（对齐）","hash_verified_input","Gold 30 份 blocks[] 全空（demo/_evidence_check.js 可复现）；无任何 *.parse.json 快照可供回跳","D12 首周（阻塞全部出处类结论）","待修复","40e970938be11e9a5dc03902882d52bf122240d4","15dda16e0756bc6b"
"D12-P1-01","P1","跨批币种/金额口径分歧：原币与折算并存，未约定单一真值","方轩诚（口径）＋ 魏文宇（抽取）","field_by_field","demo/_parity_real.json → layers.L2.rows[wei_real_awd_007.json].diff（3 处）","D12","待修复","40e970938be11e9a5dc03902882d52bf122240d4","15dda16e0756bc6b"
"D12-P1-02","P1","字段抽取粒度不统一：同一字段一侧存原文全句、一侧存摘要或裸值","魏文宇","field_by_field","demo/_parity_real.json → layers.L2 diff 明细（eqc_005/006/007 共 5 处）","D12","待修复","40e970938be11e9a5dc03902882d52bf122240d4","15dda16e0756bc6b"
"D12-P1-03","P1","状态词表未统一：not_mentioned 与 not_disclosed 混用","宗博文","field_by_field","demo/_parity_real.json → layers.L2.rows[wei_real_awd_002.json].diff（2 处）","D12 首周","待修复","40e970938be11e9a5dc03902882d52bf122240d4","15dda16e0756bc6b"
"D12-P1-04","P1","direction 等枚举字段被填入未标准化字面量","方轩诚","field_by_field","data_unified/D4-PLD-001.json events[].fields.direction.value 全为 ""pledge""","D12","待修复","40e970938be11e9a5dc03902882d52bf122240d4","15dda16e0756bc6b"
"D12-P1-05","P1","Web/CLI 独立抽取一致性仍为未测（无原始 PDF、无可调用入口）","魏文宇","hash_verified_input","demo/_parity_real.json → layers.L1（22 对全不同源，证明对照物真实）+ still_not_covered（阻塞清单）","魏侧 D12 首周","待修复","40e970938be11e9a5dc03902882d52bf122240d4","15dda16e0756bc6b"
"D12-P2-01","P2","标准化率 99.10% 与首测 69.87% 不可比，但两数都在材料里出现过","宗博文","hash_verified_input","demo/_retest_unified.json（baseline 364/521 vs current 442/446）","D12","待修复","40e970938be11e9a5dc03902882d52bf122240d4","15dda16e0756bc6b"
"D12-P2-02","P2","五项指标未出数（跨文档配对/矛盾判定/集成通过/扫描降级/性能）","宗博文","hash_verified_input","bridge/metrics_registry.js → notCovered()（7 项，逐项带 blocked_by）","D12～D13","待修复","40e970938be11e9a5dc03902882d52bf122240d4","15dda16e0756bc6b"
"D12-P2-03","P2","★ 对照脚本自身缺陷两处（自查发现并已修，记录备查）","陈家浩（页面侧）","field_by_field","修复前后对比：修复前 unpaired_total=8（含 6 处误报），修复后单侧独有事件=6、降级配对=2 单列","已修","待修复","40e970938be11e9a5dc03902882d52bf122240d4","15dda16e0756bc6b"